Timestamp,Location,PM2.5,PM10,NO2,CO,O3,Temperature,Humidity
01-03-2025 00:00,Rural,38.51741995,69.34125581,26.4076076,0.475312577,22.74542221,22.94069406,44.17137517
01-03-2025 01:00,Suburban,39.84032936,89.764902,14.18624631,0.80262282,37.92455076,26.76629914,52.19008643
01-03-2025 02:00,Suburban,20.70253483,70.37975235,13.90748244,1.002603802,15.82913365,26.7526035,50.99232312
01-03-2025 03:00,Rural,11.96881871,96.45565622,21.95046441,0.47468709,35.20793738,19.83213521,44.96491224
01-03-2025 04:00,Suburban,36.41185416,75.1257168,30.82997055,0.302335122,16.42701629,23.10774745,60.1924726
01-03-2025 05:00,Urban,30.7423249,100.4100874,23.33497847,0.037071608,25.22545402,19.94765329,41.49944432
01-03-2025 06:00,Suburban,26.74872967,77.26325826,23.8879318,1.41856342,31.15673919,34.591097,77.17583895
01-03-2025 07:00,Suburban,36.57729149,60.00641019,19.77653828,0.406383316,22.52367012,28.18234901,72.04061797
01-03-2025 08:00,Rural,38.65487275,71.0249202,44.86298304,0.797692769,27.33205089,27.23688639,56.56456228
01-03-2025 09:00,Urban,18.01988234,79.95804198,25.02801499,0.874501164,36.35282593,20.14534059,50.90387997
01-03-2025 10:00,Rural,46.62344602,29.58770681,33.0437896,1.037159691,53.97983914,31.37142961,53.9495821
01-03-2025 11:00,Suburban,40.87975501,86.03860545,23.26681651,0.629394175,36.26742367,26.31201114,55.00476474
01-03-2025 12:00,Urban,52.14434385,85.93151934,31.16165579,0.643923658,29.3156609,28.4140629,68.4576822
01-03-2025 13:00,Urban,28.19336506,42.7181924,12.29319914,0.698325861,21.44879816,21.33547441,79.03403451
01-03-2025 14:00,Rural,31.85443163,64.01213212,26.46223029,0.937709436,42.21123602,30.55794072,78.06905923
01-03-2025 15:00,Urban,39.51726352,57.97994943,17.78714923,0.655901232,24.25075913,25.03062747,42.69009168
01-03-2025 16:00,Rural,53.66790669,69.92935771,41.28431109,0.001041565,30.48884186,30.58904813,60.31251871
01-03-2025 17:00,Suburban,16.84450386,53.78139907,39.24015275,0.49032133,35.03507565,22.06057725,46.00716841
01-03-2025 18:00,Urban,32.45611812,85.97573108,29.94350183,0.368554399,43.2236304,19.41752793,38.96576561
01-03-2025 19:00,Suburban,54.23066218,61.56533464,36.28782673,1.261028031,8.669912101,30.80608466,42.66904151
01-03-2025 20:00,Urban,29.0957506,129.364297,22.51719579,0.772281278,44.21769842,25.64105327,78.39658122
01-03-2025 21:00,Urban,21.85035673,100.9509609,35.77619204,0.167912468,25.24631607,17.36056095,62.98650195
01-03-2025 22:00,Suburban,29.94824875,46.78595594,17.27039659,1.21241379,35.5267453,33.87567718,31.28963214
01-03-2025 23:00,Urban,38.60909098,45.23755443,33.17897024,0.762609077,15.97752358,25.33995814,53.66316003
02-03-2025 00:00,Rural,22.97211149,99.97179443,12.12542129,1.160419726,42.36087702,23.78150402,42.08798522
02-03-2025 01:00,Rural,17.37122027,85.15197065,34.70814803,0.216151969,37.48863035,34.16563134,38.41604704
02-03-2025 02:00,Rural,27.37984407,89.12173134,47.25268154,0.424834281,17.25547151,25.22258014,48.93298233
02-03-2025 03:00,Urban,39.33339617,45.2051021,21.11576048,1.171099413,25.50217134,19.60600321,36.37917341
02-03-2025 04:00,Rural,48.19211268,66.75688309,43.33973665,0.888892088,18.86230426,23.01122948,63.79345724
02-03-2025 05:00,Urban,13.84619671,66.87252446,31.99500674,0.388909323,22.170556,27.70890176,33.02875694
02-03-2025 06:00,Urban,44.40433739,68.82140661,31.30394789,0.841278036,19.35079111,23.43537205,31.03797642
02-03-2025 07:00,Suburban,44.17142382,86.11598211,22.80596885,0.871785461,17.48722459,23.90675143,59.50913659
02-03-2025 08:00,Rural,14.4795378,72.77028764,21.44215619,0.730264425,48.54872115,15.87297741,41.95567711
02-03-2025 09:00,Suburban,41.7584213,68.15927518,25.62554091,0.844101289,26.60822442,34.79223665,37.79688319
02-03-2025 10:00,Suburban,37.69317144,66.06182713,29.02615901,0.994702677,35.59148836,27.96486349,73.43437487
02-03-2025 11:00,Suburban,51.22227932,61.40385834,7.381850991,1.004412374,50.2522367,25.57542312,62.97827982
02-03-2025 12:00,Suburban,16.44348655,47.4315245,22.79885856,0.441633562,22.75236947,25.78122647,31.88687923
02-03-2025 13:00,Rural,35.58499883,61.81653845,38.12101679,0.915023606,37.14021652,31.51634594,32.59718461
02-03-2025 14:00,Rural,35.04309412,67.72418441,8.054601133,1.010493189,25.91086952,33.19558055,75.13888837
02-03-2025 15:00,Suburban,36.07770536,69.24794757,31.48769658,0.830698458,21.41457919,19.68580919,63.21798191
02-03-2025 16:00,Suburban,29.3668816,59.99642382,15.23310371,0.439581943,0,20.57485949,63.56099726
02-03-2025 17:00,Rural,34.23714877,67.16827969,32.50270559,0.825204216,34.61876333,18.12408832,41.10459596
02-03-2025 18:00,Rural,24.86844307,107.2828015,21.9837774,0.200628297,23.26128844,22.17703583,79.97965619
02-03-2025 19:00,Suburban,26.23880597,65.29411244,35.95588428,0.486292585,37.99832223,19.66907575,49.52747382
02-03-2025 20:00,Rural,38.92376757,109.3795018,27.39358935,1.040365347,34.49093281,29.32650226,66.19290313
02-03-2025 21:00,Rural,32.89745415,57.21069918,33.27526202,1.041955832,30.9683212,22.24034281,31.13575561
02-03-2025 22:00,Suburban,11.98344043,53.36488166,21.78230987,1.177408491,30.57757653,20.07688833,47.73140086
02-03-2025 23:00,Rural,30.12483246,88.29092522,21.94497086,0.525599057,27.34267291,24.32042331,46.15647712
03-03-2025 00:00,Rural,59.24352626,73.06313302,16.44868241,0.525632135,16.92204819,24.56368329,58.3904505
03-03-2025 01:00,Suburban,30.72407368,30.14986175,16.48832375,0.464817846,64.92188183,22.70728004,32.53294096
03-03-2025 02:00,Rural,60.84007219,76.16073386,28.25901847,0.934208509,31.56400956,28.93155344,33.1936521
03-03-2025 03:00,Urban,8.745443144,41.99991583,19.02841159,1.056626447,38.95904188,22.33211598,37.8858414
03-03-2025 04:00,Suburban,45.91722098,51.27979198,28.14490927,0.506699414,19.22948212,26.70898613,49.09318121
03-03-2025 05:00,Suburban,38.15926514,54.10067149,37.72651879,0.975417229,33.10845573,27.7383742,59.15628596
03-03-2025 06:00,Rural,33.13536284,69.19738562,28.46301559,0.691961999,29.27887495,29.74096549,56.60800049
03-03-2025 07:00,Suburban,22.80075265,27.69043335,19.71759927,0.605099695,35.53175767,18.12542559,38.94085945
03-03-2025 08:00,Suburban,6.702348502,87.77427962,31.23060126,0.609796989,26.96450382,15.18081426,65.84689009
03-03-2025 09:00,Urban,34.00491498,80.9432924,20.76205061,0.265720701,31.71365024,28.48922018,43.94326769
03-03-2025 10:00,Rural,38.15802101,80.0294337,21.39874446,0.992186867,17.72279018,20.24263528,61.797893
03-03-2025 11:00,Urban,33.37486581,123.7764301,29.79756252,0.318066939,42.64086999,22.74591076,63.54218952
03-03-2025 12:00,Urban,33.7252478,72.62483458,7.226157382,0.988723066,25.38669638,20.31599367,63.9179358
03-03-2025 13:00,Suburban,36.61302067,43.46332854,21.77937554,0.90404427,30.60897212,22.23119385,34.42654738
03-03-2025 14:00,Urban,43.55818852,98.19221097,24.71560626,0.95372247,34.91453774,25.94367558,48.26241478
03-03-2025 15:00,Urban,40.78716829,72.3642501,21.33577754,0.919083986,19.89103105,29.25725725,54.57367625
03-03-2025 16:00,Rural,58.24386979,84.0693875,17.15851703,0.746396273,43.00096484,19.77904123,66.04116286
03-03-2025 17:00,Rural,23.20067759,68.43920672,30.6441302,0.790313852,29.54138192,21.30537444,35.12215071
03-03-2025 18:00,Rural,63.31463746,85.71336916,19.29215906,0.385970617,24.08597531,21.48227195,73.65207895
03-03-2025 19:00,Rural,50.44681021,72.55542392,15.49483341,0.141852625,35.1980228,19.47210379,71.12141064
03-03-2025 20:00,Suburban,68.0781276,75.18541208,43.08788344,0.785636269,34.48836458,17.05589128,50.38987311
03-03-2025 21:00,Urban,35.31469318,69.41146546,9.667385325,0.694886186,24.09911057,26.58421476,67.98388487
03-03-2025 22:00,Urban,24.2711041,70.83303473,31.49851772,0.660384488,35.88602417,28.29469756,54.90075802
03-03-2025 23:00,Suburban,27.59353585,53.08129148,23.38829141,0.364757232,34.38703993,17.71235616,33.59017005
04-03-2025 00:00,Rural,31.21187511,106.9407449,26.67807668,0.382742571,15.91743638,22.31210342,70.22314369
04-03-2025 01:00,Suburban,41.32651565,55.384968,37.34694941,0.431488939,42.23144155,34.57537057,52.73241214
04-03-2025 02:00,Rural,48.99675014,81.23290398,24.72824295,1.175604548,31.15731482,26.11396462,35.07288057
04-03-2025 03:00,Rural,32.44650961,30.0776451,0.441470633,1.161158792,37.01671792,22.50909267,44.1075661
04-03-2025 04:00,Suburban,32.30418561,97.04446516,34.05442613,1.003432182,18.63968276,25.35537186,38.04174571
04-03-2025 05:00,Suburban,16.76519118,49.40180142,32.8995229,0.820194186,30.61908696,35.91793002,55.88485477
04-03-2025 06:00,Suburban,49.85100992,74.16204578,20.25579802,1.025202876,26.24430858,19.33268701,75.18570235
04-03-2025 07:00,Suburban,12.97982672,66.49506916,23.17036356,0.480815334,34.15706203,15.3995624,57.61829833
04-03-2025 08:00,Urban,0,67.01088692,25.18289516,0.738586933,18.91063337,26.41333352,72.02491627
04-03-2025 09:00,Rural,38.72195524,43.45326861,31.51302358,0.92959107,31.17712685,21.74988668,38.68230578
04-03-2025 10:00,Urban,51.46652398,65.11578928,43.1219027,0.447424785,42.18985318,22.81065023,53.81115783
04-03-2025 11:00,Rural,67.15372875,76.91524026,42.05785255,0.753948228,22.5435255,28.12847604,47.32593252
04-03-2025 12:00,Suburban,39.30289002,52.30238046,40.39267695,0.872749058,3.741558174,18.38573418,39.35798248
04-03-2025 13:00,Urban,54.64252253,56.05638459,7.283179585,0.306931063,33.4655004,20.0252902,47.84543855
04-03-2025 14:00,Urban,46.41022219,68.20345158,14.6083277,0.387382258,31.87539897,32.37523236,73.42000435
04-03-2025 15:00,Suburban,36.42305696,63.40961023,25.53849307,0.757077131,6.269022332,17.34624386,79.8230886
04-03-2025 16:00,Suburban,70.16556267,61.62465194,29.69416942,1.405501407,36.90971916,20.8351139,34.52295267
04-03-2025 17:00,Suburban,56.46881404,54.63252915,26.53040283,0.748688732,28.2583808,18.91141111,64.01352297
04-03-2025 18:00,Suburban,36.47842469,61.78879673,19.22930867,1.052229362,21.37428467,29.58718748,62.15997441
04-03-2025 19:00,Suburban,50.013802,61.75886337,30.28497929,0.538675743,14.13182598,18.58871635,68.56335269
04-03-2025 20:00,Rural,29.39348498,97.59210892,20.93219562,0.707024078,16.17442267,22.74497712,69.55826703
04-03-2025 21:00,Urban,20.57161795,78.41963564,24.17615523,0.925877298,30.00366706,35.75792936,63.66352002
04-03-2025 22:00,Suburban,45.35100946,68.73141586,37.41844505,0.741868733,27.14489623,18.98399138,30.4145478
04-03-2025 23:00,Urban,53.30996185,80.08543831,44.72025464,0.950230619,13.52184669,21.95651677,76.18673389
05-03-2025 00:00,Rural,21.10158326,72.54966832,34.71693628,0.414639243,44.2513833,20.90744061,59.62444587
05-03-2025 01:00,Rural,51.89135982,112.7155343,18.25198112,0.838778739,28.67683477,26.2045061,55.54297866
05-03-2025 02:00,Rural,55.48507796,73.77162745,34.96721255,0.441520275,45.12067436,27.13122823,71.44255703
05-03-2025 03:00,Rural,32.77154707,79.1080135,18.89081386,0.537876921,15.12402284,29.20540465,78.49616971
05-03-2025 04:00,Urban,46.04403706,95.56951891,38.00958881,0.342239132,25.18496125,22.11901729,69.3775307
05-03-2025 05:00,Suburban,49.59351519,53.60606967,2.866857128,0.599924647,38.95670486,27.19197521,41.93763097
05-03-2025 06:00,Suburban,21.77186905,77.80598111,18.85316092,0.74551388,21.9032485,21.63341819,35.51766213
05-03-2025 07:00,Urban,41.51346087,85.72668666,36.75011012,0.582759775,28.17019896,16.51552091,46.81589693
05-03-2025 08:00,Urban,46.38138479,62.70599855,40.25467112,0.852049913,39.32793217,23.40050604,57.58861368
05-03-2025 09:00,Suburban,26.05421966,58.50785976,18.26075203,0.436243816,6.33026444,16.29416359,42.2553245
05-03-2025 10:00,Urban,38.9320859,77.03503486,16.24933329,0.342886874,5.611595343,15.35353064,56.93305969
05-03-2025 11:00,Urban,26.82386683,70.62371011,26.73928168,0.835217821,25.39588471,18.40046752,62.96340935
05-03-2025 12:00,Urban,9.602539436,30.73075376,16.23115288,0.610999774,51.57464796,30.63914726,77.99157589
05-03-2025 13:00,Rural,36.03118378,81.68790767,27.04757464,0.542799068,27.33222626,22.68990611,45.51591426
05-03-2025 14:00,Rural,16.81064005,67.81189911,19.50109888,0.445475702,39.33759641,28.12479187,35.57338339
05-03-2025 15:00,Urban,42.37742725,43.94869942,23.34074294,0.585825696,27.14682032,31.28580737,41.5446894
05-03-2025 16:00,Urban,20.04057665,56.36364674,34.3883879,0.503315181,24.2574964,26.11647488,54.39216419
05-03-2025 17:00,Urban,43.73527063,63.08513382,36.33000153,0.839663195,38.81194372,24.78458914,76.72405885
05-03-2025 18:00,Urban,47.13403992,78.88825743,17.30394017,0.195234351,32.50524486,25.8722672,37.13420156
05-03-2025 19:00,Suburban,41.88794914,101.2390186,13.5381995,0.79845546,29.14639632,22.19763157,50.94639612
05-03-2025 20:00,Urban,12.61843847,87.33165294,3.897593031,0.616541807,33.89016944,24.69253454,72.18266895
05-03-2025 21:00,Urban,34.98867796,41.07713854,22.40808933,0.846070801,31.49011662,37.6413626,55.7523746
05-03-2025 22:00,Urban,31.28288775,99.25171536,30.30960458,0.788969655,31.24504688,23.38094508,69.72651584
05-03-2025 23:00,Rural,22.91304969,69.95738036,31.47609253,0.910572234,38.32304913,23.34683408,58.50845535
06-03-2025 00:00,Suburban,33.89451443,66.48080651,17.85982148,1.210176959,15.52931675,21.22413191,59.13166422
06-03-2025 01:00,Rural,50.47930156,55.83313376,13.20415938,0.617914359,40.83726997,29.52759368,31.90445933
06-03-2025 02:00,Urban,15.06817087,94.49859251,35.34262839,0.719665429,42.0579935,24.23374105,39.28129713
06-03-2025 03:00,Suburban,60.26488107,72.29841259,29.74324456,1.101044121,27.06940868,23.28519007,59.92572919
06-03-2025 04:00,Urban,35.75896408,69.33274787,23.6101388,1.334053196,24.5842655,21.90595887,78.1959746
06-03-2025 05:00,Urban,51.61796568,85.51618036,32.31301291,0.716004104,21.82075339,19.34374001,33.71093138
06-03-2025 06:00,Rural,22.55496509,76.44237636,34.3469542,1.585657203,29.65622396,22.94381523,57.80051296
06-03-2025 07:00,Rural,12.96661036,44.15365812,20.50742102,0.950385465,28.81031448,25.00214795,51.61131984
06-03-2025 08:00,Urban,57.34385433,79.66152223,16.8910158,0.961748834,38.12883869,23.48897616,72.25299647
06-03-2025 09:00,Suburban,19.67452677,49.71140907,29.75528818,0.450569661,23.57682745,22.17352067,61.88588411
06-03-2025 10:00,Rural,19.30067901,67.46487604,34.39092153,0.798120612,23.51801077,23.69438933,61.29148847
06-03-2025 11:00,Suburban,14.47018648,66.0652535,22.33432517,0.795611302,40.49331866,27.13619509,70.67211546
06-03-2025 12:00,Urban,31.26255017,49.05188386,23.22708352,0.814909579,28.60498267,24.35081018,77.41132885
06-03-2025 13:00,Urban,51.52694127,105.534886,38.50781157,1.257850041,37.64425479,24.37283795,32.96798894
06-03-2025 14:00,Urban,22.57269027,78.94985379,31.35581057,0.263665992,14.73874515,32.29774204,41.66757897
06-03-2025 15:00,Urban,27.31722344,76.21471912,16.35387943,0.568602593,15.3664224,33.0395287,74.78733786
06-03-2025 16:00,Suburban,31.03639973,63.23423165,45.58307838,0.391084414,33.21757949,29.53684278,65.12203917
06-03-2025 17:00,Rural,27.6839927,59.02969127,24.52276125,0.461466241,30.79635389,25.63939903,68.26121508
06-03-2025 18:00,Rural,29.66315464,89.33233343,47.60905511,0.631155029,26.65094013,26.2882119,53.28769265
06-03-2025 19:00,Suburban,50.376664,75.07709845,20.55232473,0.092251065,21.02367222,31.30299306,70.59300199
06-03-2025 20:00,Rural,73.72762651,49.26088912,22.74681238,0.768177566,20.86818885,27.8254782,77.61523527
06-03-2025 21:00,Suburban,43.67240335,88.3346217,23.79920569,1.077698096,16.68345114,21.52303127,53.21484998
06-03-2025 22:00,Rural,26.97666314,70.48062103,36.28312018,0.525273629,50.32560043,31.72755371,68.52872881
06-03-2025 23:00,Suburban,48.65550802,59.50307616,25.18264364,0.549496416,42.03670543,25.61710255,39.74718088
07-03-2025 00:00,Urban,36.41741616,41.33141771,18.97710136,0.670140035,17.39214895,25.08252871,32.96402375
07-03-2025 01:00,Rural,52.49780152,70.94156665,18.69714552,0.330706613,25.7053231,18.80971559,71.93249486
07-03-2025 02:00,Rural,43.66876652,78.51327522,34.77306604,0.797663107,27.8592705,20.86264938,53.88887024
07-03-2025 03:00,Rural,15.29306601,99.4137315,34.52942991,0.392293736,15.97780644,26.09617063,32.2785367
07-03-2025 04:00,Rural,44.59411542,81.25459306,31.21737501,0.833177228,24.60332865,16.25895041,52.72709697
07-03-2025 05:00,Rural,33.39203686,93.13176734,23.41857167,0.402604514,15.09281224,28.36545441,54.70522764
07-03-2025 06:00,Urban,32.02546463,58.12133727,32.88930788,0.118203749,22.49718608,22.92500431,43.1070244
07-03-2025 07:00,Rural,41.41960306,72.11963592,4.063635158,0.363673645,16.96828363,28.71181344,36.94800688
07-03-2025 08:00,Urban,4.658664078,91.13484011,14.25135072,0.364612623,30.02065286,27.76025226,51.59986407
07-03-2025 09:00,Suburban,14.74582463,48.12039364,24.05947776,0.892462883,31.19222012,25.43200698,39.32925391
07-03-2025 10:00,Urban,13.45042369,79.81192473,27.34958491,0.832527147,43.45381388,19.8119288,32.32552007
07-03-2025 11:00,Urban,56.17296164,54.10655141,24.10683564,0.518287258,48.47619591,30.0818287,76.54842752
07-03-2025 12:00,Urban,28.23854218,84.71487119,25.67622194,1.023874648,20.2771587,17.17522939,55.26737142
07-03-2025 13:00,Rural,49.05003626,77.20388689,6.960310896,1.062452815,12.01447559,28.51572765,51.38860567
07-03-2025 14:00,Rural,44.90329909,78.46333485,19.91551243,0.730502099,17.73121783,21.0326222,38.94752489
07-03-2025 15:00,Urban,18.48833965,43.0301337,9.634112402,1.091252913,46.14057205,21.76732977,62.82484581
07-03-2025 16:00,Urban,35.18977805,69.24469759,22.93250104,1.112667233,21.00393588,24.14074368,34.640638
07-03-2025 17:00,Urban,41.62608315,102.4607367,34.80160479,0.435467352,24.99521355,31.53497006,51.13451458
07-03-2025 18:00,Urban,15.26438718,64.49516961,38.70093783,0.986242383,29.69483495,24.99277148,31.95529599
07-03-2025 19:00,Rural,34.60802934,66.14142745,23.62152039,0.72726342,29.97452457,24.02659229,43.72585613
07-03-2025 20:00,Urban,37.87213991,53.88541857,18.12843206,0.533763568,17.57632907,25.01397941,51.19793189
07-03-2025 21:00,Urban,67.50315088,31.9069987,28.46932432,0.98073633,44.45131489,30.42821677,71.22577624
07-03-2025 22:00,Suburban,52.34084255,77.29801593,33.98520782,0.82927001,43.12369362,23.78987197,74.08011288
07-03-2025 23:00,Rural,13.5260725,74.24704915,35.29511679,0.345602043,24.51158941,14.54349377,32.41548011
08-03-2025 00:00,Urban,30.56968738,76.79418283,15.20629352,0.440634287,14.44821754,30.59667989,54.60098108
08-03-2025 01:00,Suburban,46.25389397,84.95596568,37.01670821,1.287360196,40.0742628,27.55245014,71.74358295
08-03-2025 02:00,Rural,18.44653069,92.74927895,32.12276001,1.206720375,43.77719276,23.14185974,64.61185289
08-03-2025 03:00,Rural,37.48390912,87.42600816,27.68206394,0.445446599,38.75948537,26.0121432,48.42798529
08-03-2025 04:00,Urban,31.55186431,61.29212512,34.2836213,0.615886451,27.54781763,23.41092811,62.65392263
08-03-2025 05:00,Urban,45.24974694,100.1109709,15.75225066,0.678964542,5.648057958,22.90178607,71.88288335
08-03-2025 06:00,Suburban,44.9732123,86.59637947,15.69131143,0.785285034,45.72853478,27.69788809,38.01561772
08-03-2025 07:00,Urban,39.41761777,105.5006507,14.89106732,0.664297844,33.95269638,13.61280856,73.10429769
08-03-2025 08:00,Urban,29.40377633,69.00028873,15.33668364,0.573479273,11.81288463,16.50650589,76.53002606
08-03-2025 09:00,Rural,26.05719837,87.13686381,33.74242082,0.156007842,34.3296106,27.2866913,42.17472529
08-03-2025 10:00,Suburban,47.57905875,46.56631934,36.05753168,0.762906056,56.42188624,28.25394869,48.23707433
08-03-2025 11:00,Urban,31.51386468,69.94417035,37.06824231,0.581752627,21.93406951,17.9705155,71.41621652
08-03-2025 12:00,Suburban,18.36833022,56.55465679,6.503631354,0.798596106,27.04636862,33.03692228,57.55537519
08-03-2025 13:00,Rural,49.69061247,65.02664445,22.61569331,0.410753545,10.86961511,34.09588788,43.9591165
08-03-2025 14:00,Rural,9.220352715,52.25006903,31.40662997,0.993127005,37.22503038,14.41336704,76.07981676
08-03-2025 15:00,Urban,24.88368724,59.21647796,8.870420851,0.569072836,23.53950064,23.59216213,57.48134494
08-03-2025 16:00,Rural,56.53038194,49.999052,19.25013993,0.568601767,33.51090238,18.95614195,48.10453571
08-03-2025 17:00,Rural,45.15477756,2.866592087,41.24744461,0.106825477,23.62838384,25.40990182,76.50428837
08-03-2025 18:00,Rural,32.25169873,92.47800081,26.71299867,0.45440335,24.12540142,23.81916132,58.64564702
08-03-2025 19:00,Suburban,28.29334448,75.44656804,32.91774272,0.591813022,53.79978993,33.29434855,78.04335618
08-03-2025 20:00,Urban,46.67912988,73.30206692,17.40295975,1.102242789,0,25.41285532,38.69436206
08-03-2025 21:00,Suburban,41.56969539,75.58239814,11.1685618,0.940376601,23.64831702,27.07361979,69.36702925
08-03-2025 22:00,Rural,53.38237642,62.92379909,30.73380392,0.40681981,23.17277955,28.23189164,32.18714831
08-03-2025 23:00,Urban,36.2024433,87.74877241,28.01648397,0.315194764,28.10301251,19.52756882,72.42272488
09-03-2025 00:00,Urban,34.38490541,70.22415501,19.95815767,0.639860352,13.81137352,30.67848087,70.38131994
09-03-2025 01:00,Rural,31.30919601,21.55439682,18.79806391,1.011996338,37.92530381,21.10894356,46.90353333
09-03-2025 02:00,Suburban,42.95655291,74.02683427,22.18736172,1.346934646,41.36926706,24.9970278,78.89461121
09-03-2025 03:00,Suburban,38.18454163,64.90434651,32.06480438,0.947045365,36.8822852,25.4683528,43.93625226
09-03-2025 04:00,Urban,32.20912571,95.91214275,28.90212093,0.281285762,41.23430846,23.37128683,77.9799436
09-03-2025 05:00,Suburban,30.66096098,75.41665078,29.21635834,0.897389518,28.41848507,20.18324154,65.05961761
09-03-2025 06:00,Rural,34.69054903,59.7087742,19.82860482,1.087239441,24.96165667,39.26767136,67.27566385
09-03-2025 07:00,Urban,2.536302157,79.31561666,10.81904924,0.769133529,11.3459985,32.60897061,45.33280318
09-03-2025 08:00,Suburban,28.19867621,65.77975928,40.74440003,0.608585951,30.83048664,29.03691895,37.61899518
09-03-2025 09:00,Suburban,51.76085274,81.01026733,22.09069112,0.884629628,23.91740552,29.61112383,40.64261675
09-03-2025 10:00,Urban,36.51890054,89.23887957,23.58237293,0.334785933,46.35004107,29.53570053,34.54106038
09-03-2025 11:00,Urban,45.75881338,90.32333337,39.77249182,0.631860311,25.92468039,25.82597278,66.96604282
09-03-2025 12:00,Suburban,59.41684913,27.00077824,24.59057069,0.400550761,54.23903379,27.72286156,62.25073292
09-03-2025 13:00,Urban,48.95144713,93.95110568,13.08032262,0.597126369,28.99697247,33.03814445,43.38106696
09-03-2025 14:00,Suburban,53.58568039,59.33375304,16.76186656,0.904666242,19.11780157,23.67562696,37.22737555
09-03-2025 15:00,Rural,42.76816085,82.65767817,22.2666849,0.34196581,62.55669558,24.48057079,66.45744849
09-03-2025 16:00,Suburban,24.34734864,83.13052632,18.62549089,0.865561445,26.07791827,18.66269408,61.59932845
09-03-2025 17:00,Urban,39.68488182,79.65873756,15.84919849,0.153242917,46.51214099,22.00505245,67.05856164
09-03-2025 18:00,Rural,17.63900091,54.90768889,29.58638767,0.629043844,30.50337417,24.94666985,76.50585465
09-03-2025 19:00,Suburban,22.46693162,74.72161241,5.433132659,0.713564123,37.64073739,23.61619298,42.44609017
09-03-2025 20:00,Suburban,43.42617121,91.76403233,40.71412708,1.299497728,24.54691307,24.72664241,57.60852055
09-03-2025 21:00,Rural,34.64930501,65.19954383,41.01103154,0.623018402,21.05440237,20.65172411,41.25357494
09-03-2025 22:00,Rural,53.80637567,50.90199488,16.77472354,0.024312191,30.11161683,27.54637965,73.97174997
09-03-2025 23:00,Urban,6.315110212,88.23720256,26.50967039,0.76224897,24.19362035,30.00575353,65.62683188
10-03-2025 00:00,Urban,20.24614353,80.3124973,35.51344778,0.703169958,25.14677789,26.16139723,52.46934589
10-03-2025 01:00,Urban,32.25592359,57.88929058,9.185742461,0.930314029,29.34730575,25.23821105,33.19700751
10-03-2025 02:00,Urban,57.35433845,100.5725432,8.985504314,0.520468537,29.77716267,26.76038305,45.99671439
10-03-2025 03:00,Urban,54.78882608,12.8875511,23.70444533,0,40.80303335,30.79191791,56.22909315
10-03-2025 04:00,Rural,38.60441519,75.52646816,16.99379543,0.645704657,37.56730428,21.1185006,71.45893539
10-03-2025 05:00,Urban,61.27982857,70.53357823,8.037219513,1.308327579,0,27.13112047,77.23159148
10-03-2025 06:00,Rural,38.48350012,80.83849311,19.27256877,0.83488102,39.82416297,29.93193984,33.33049627
10-03-2025 07:00,Urban,70.15541778,77.22963939,34.45162296,0.64426281,36.12410267,27.03363611,77.13794841
10-03-2025 08:00,Urban,36.52762994,55.28158258,20.1821705,0.685862763,38.49855107,30.03277897,64.26818963
10-03-2025 09:00,Suburban,28.26512242,50.34861798,11.32606285,0.571397234,22.09329408,31.91909604,39.96844064
10-03-2025 10:00,Urban,32.32852023,101.7615013,13.06996257,0.778151138,30.72391201,16.67047221,59.16632747
10-03-2025 11:00,Suburban,39.15955945,110.9523744,16.60750423,1.116187288,22.98632405,24.95221451,55.24136231
10-03-2025 12:00,Urban,36.22958534,38.17785668,30.92053211,0.946204471,11.85795027,20.56208746,37.93338329
10-03-2025 13:00,Suburban,20.39135516,100.9991859,30.98736429,0.375901807,50.0503053,22.35417195,72.47275901
10-03-2025 14:00,Urban,40.33743747,88.84493122,11.42163266,0.870903391,29.75598215,31.61907626,35.4392884
10-03-2025 15:00,Rural,11.67552338,58.07245984,28.40906775,0.678055435,18.31129546,32.20233965,57.27919874
10-03-2025 16:00,Suburban,24.7032359,91.96943671,25.97612982,1.093360203,28.97784945,28.58624573,40.77399014
10-03-2025 17:00,Suburban,38.44661669,113.0904104,26.80427633,0.584862161,39.67463782,24.12083137,34.4047602
10-03-2025 18:00,Urban,48.05258762,56.06546915,28.57863695,0.600284243,34.46383599,24.03302406,36.06304046
10-03-2025 19:00,Rural,30.76713159,67.97897595,18.83140981,0.37000019,22.42984889,24.84277019,35.69560764
10-03-2025 20:00,Urban,52.84387212,58.07229606,40.04286085,0.515558801,10.01667388,19.68951052,43.69483213
10-03-2025 21:00,Rural,14.11822307,91.33763237,23.82308511,0.757835855,16.71294598,14.63330041,44.27723148
10-03-2025 22:00,Urban,25.39981673,64.70638142,24.26990299,1.118993576,26.20839541,25.06041897,69.44869727
10-03-2025 23:00,Suburban,40.31411293,45.77964787,23.63610282,0.635735309,17.55123638,18.04294024,73.09728132
11-03-2025 00:00,Suburban,43.02670533,76.84752566,10.97754092,0.311210429,0,30.60448915,77.76556102
11-03-2025 01:00,Urban,36.05560535,101.8349204,22.47165059,1.007812012,29.95388471,28.83506569,44.60081456
11-03-2025 02:00,Urban,46.88842979,81.04160726,34.73029971,0.278840577,38.83627215,22.75633242,72.56747831
11-03-2025 03:00,Rural,37.66827384,90.12112849,34.92157198,0.721523011,28.28668384,23.00455214,74.34477101
11-03-2025 04:00,Urban,54.56748076,124.8200018,24.08448211,0.479359823,38.89183466,27.45759533,61.08185357
11-03-2025 05:00,Suburban,38.25566168,74.36113558,17.60435975,0.429061226,37.61386167,24.35893664,59.56220395
11-03-2025 06:00,Urban,21.1264607,80.36101698,32.09490052,0.115317266,42.00759257,26.66664382,79.13083037
11-03-2025 07:00,Urban,51.7136312,50.55957681,18.32714984,0.540022497,26.46034088,27.20050648,73.47278957
11-03-2025 08:00,Suburban,22.28180602,54.8710637,26.44372417,0.478782766,22.98220432,29.81300507,71.12218415
11-03-2025 09:00,Rural,43.08418821,86.05286078,20.35274963,0.800941025,24.81919102,26.95625602,54.0446471
11-03-2025 10:00,Urban,25.41275586,20.56867238,18.62896426,1.295339923,48.84392521,32.79513012,48.31879603
11-03-2025 11:00,Urban,61.27732667,99.28170556,23.31959652,0.321847214,37.90980988,17.896864,65.0819767
11-03-2025 12:00,Urban,23.77480979,33.64233174,28.12555852,0.340515901,16.86263444,26.23716451,37.48521661
11-03-2025 13:00,Urban,30.81201203,83.81235711,1.691421764,0.731413995,42.47686736,31.59266596,61.16539974
11-03-2025 14:00,Rural,32.31571204,40.85829161,22.12938809,1.211006186,12.75115492,27.23523065,59.51621399
11-03-2025 15:00,Suburban,16.34084952,70.30145919,16.91734327,0.724060091,23.73019863,22.35663354,51.37301813
11-03-2025 16:00,Suburban,32.27160784,74.07654929,17.26716693,0.562110538,21.26434777,33.67218785,31.45101181
11-03-2025 17:00,Suburban,49.06138257,90.9861419,15.23960251,1.076430559,30.42928647,22.33608919,49.68785722
11-03-2025 18:00,Rural,33.10888824,82.59053966,10.76292597,1.107866346,48.49382959,19.80589404,73.25024172
11-03-2025 19:00,Urban,34.31388644,78.75341855,2.561051199,0.51411902,23.99816945,25.57317686,31.39050443
11-03-2025 20:00,Suburban,4.494484094,79.40085616,30.86974747,0.737671797,21.28112357,23.79749082,73.45167621
11-03-2025 21:00,Urban,56.10360295,74.14378032,44.34071518,0.662966986,21.11967487,30.38441475,50.50740792
11-03-2025 22:00,Urban,65.00093186,79.31104991,20.98374312,1.242931464,20.08852446,31.86950354,50.04033754
11-03-2025 23:00,Rural,42.05317323,83.82298088,19.40182196,1.009520932,45.34935768,26.29113212,66.99579379
12-03-2025 00:00,Rural,36.95063449,65.04220783,33.9743404,1.224125593,43.88528989,35.86731181,55.9644485
12-03-2025 01:00,Suburban,49.04796938,76.63509522,11.27788918,0.546958961,47.04514569,28.74731325,66.82234667
12-03-2025 02:00,Suburban,14.1520313,102.7972272,0,1.038584549,28.24762597,29.87454822,71.58497891
12-03-2025 03:00,Urban,28.62910152,83.9597288,31.76196371,1.264663242,40.85443039,23.5073932,76.13668831
12-03-2025 04:00,Urban,43.69740844,76.06831144,24.29448018,0.865871507,16.66775541,23.08941074,76.53938599
12-03-2025 05:00,Rural,34.81624795,53.87065247,39.1529988,0.536819563,23.52657011,31.30883257,67.51519609
12-03-2025 06:00,Suburban,47.49687663,41.43781499,12.66834317,0.460722418,35.7622735,24.76146892,52.62160801
12-03-2025 07:00,Urban,26.54040816,84.88533822,32.26054299,1.070596621,30.55168212,26.99136472,77.16869512
12-03-2025 08:00,Rural,60.21143424,78.53685278,27.6361562,0.443813785,19.00056931,22.60960323,41.02179319
12-03-2025 09:00,Urban,45.81931296,46.30948103,39.51143345,0.351717103,23.11013154,28.53436151,34.2933266
12-03-2025 10:00,Suburban,53.12669848,92.8396412,31.71710964,0.455088062,39.34538965,26.30529151,63.08682955
12-03-2025 11:00,Urban,24.84951852,74.01084173,35.33809039,0.671188551,30.96766505,27.54301746,44.43064633
12-03-2025 12:00,Rural,39.60948526,81.27584837,11.08236586,0.820142726,33.25955205,28.56125467,60.29127889
12-03-2025 13:00,Urban,46.81362055,75.43003287,25.1422395,0.639252816,12.76305014,33.80037152,52.45471486
12-03-2025 14:00,Suburban,35.45989441,93.16243195,28.49999385,0.561149704,34.20846924,23.76287951,70.00412046
12-03-2025 15:00,Rural,21.09977398,46.2361975,20.08108775,0.582498985,15.87034604,25.88183375,69.6640187
12-03-2025 16:00,Suburban,24.29016861,29.45277063,30.64551778,0.746287057,27.04124595,23.20988713,40.50854945
12-03-2025 17:00,Rural,20.10883998,41.0544398,34.88417463,0.615747359,35.96557525,25.48553711,61.53156379
12-03-2025 18:00,Suburban,37.67024093,39.63843961,38.82337652,0.402058324,25.28838054,19.97387332,75.85936388
12-03-2025 19:00,Rural,4.017697642,62.52807094,17.48499839,0.523272967,31.45361779,27.36710243,48.56840291
12-03-2025 20:00,Rural,26.24086575,78.85370624,20.94195379,0.673139817,21.13886437,20.65330584,63.46356347
12-03-2025 21:00,Suburban,4.861432055,27.65562035,23.18254686,0.840166626,15.70672346,29.932687,60.15787136
12-03-2025 22:00,Rural,22.35593392,50.74080001,33.16392096,0.563494418,33.50193699,32.5951506,48.02302548
12-03-2025 23:00,Suburban,18.16931511,78.60191109,23.28553024,0.426923139,31.22319271,23.33188259,44.93446959
13-03-2025 00:00,Suburban,22.75338294,49.29009882,35.83346117,0.523321236,18.86001402,23.41895673,40.58654032
13-03-2025 01:00,Rural,52.44488032,53.38498149,36.35059642,0.560965106,19.1743071,20.40456958,41.48888889
13-03-2025 02:00,Rural,56.80595072,67.36856436,29.44556987,0.733230053,16.8291469,20.75735567,64.73861486
13-03-2025 03:00,Suburban,34.66546909,65.72996543,27.03866517,0.973310557,59.44823913,16.73321646,66.69402335
13-03-2025 04:00,Urban,56.57952953,59.04085736,23.83005466,1.186036817,20.49586304,23.78892328,51.04573752
13-03-2025 05:00,Rural,31.03191783,58.64608165,32.73858276,1.032947632,25.29384908,27.14058195,52.66613307
13-03-2025 06:00,Urban,15.56060636,46.95349268,28.15578411,0.683663067,15.49193781,21.96408884,55.04005562
13-03-2025 07:00,Urban,28.2632592,83.56392783,28.86856444,0.470205933,18.70713847,36.86812476,46.24512394
13-03-2025 08:00,Suburban,63.60441274,58.20514827,15.73074276,1.293991324,19.1594642,27.30512994,64.2885261
13-03-2025 09:00,Urban,35.13578476,49.62007818,36.70624514,0.454221821,18.21630002,19.75429754,38.52909639
13-03-2025 10:00,Suburban,35.47960901,85.39788135,23.73239542,0.337958774,28.8812284,23.59995587,72.78528762
13-03-2025 11:00,Suburban,17.36213281,71.66576702,39.61730835,0.722255177,37.05325397,21.6378702,54.67010266
13-03-2025 12:00,Urban,11.99752412,46.49158812,31.94735519,0.871586319,27.26746202,20.79757085,76.4811346
13-03-2025 13:00,Urban,15.77648551,74.75715338,23.49152252,0.610992708,26.39078224,22.308697,73.39838032
13-03-2025 14:00,Rural,24.91796055,84.00324039,11.48350232,0.705116178,47.92005107,33.49059297,62.60786153
13-03-2025 15:00,Urban,5.446447346,119.5793036,37.38236878,0.722292998,29.19801494,25.47481882,77.86920104
13-03-2025 16:00,Suburban,16.23708968,75.96917331,24.8112486,0.720282967,19.26006833,23.62539237,37.99219063
13-03-2025 17:00,Rural,32.87493761,81.3290205,27.56287629,0.304900663,10.74237833,28.5149285,77.4796021
13-03-2025 18:00,Rural,48.74463662,77.31776917,22.11275833,0.761424637,52.81514268,32.58743058,58.35977585
13-03-2025 19:00,Urban,32.34076917,67.91931468,25.4469034,0.256364925,34.05504057,25.46698351,38.4342563
13-03-2025 20:00,Rural,20.78763367,81.17786593,22.15950257,0.456516691,23.4485405,19.62769269,61.2096301
13-03-2025 21:00,Rural,29.60247953,32.84550044,14.98173963,1.164985544,37.75968105,23.9366935,75.07180765
13-03-2025 22:00,Rural,34.761413,20.06509166,37.81969602,0.934958443,39.1765394,24.65951182,67.0724184
13-03-2025 23:00,Urban,25.59424239,119.0126005,24.06629354,0.686002421,37.94400309,26.14466054,67.22987328
14-03-2025 00:00,Rural,32.34236585,85.73341255,26.63524249,0.70906578,31.69884544,25.59121018,72.16318175
14-03-2025 01:00,Rural,60.4657563,80.02993563,24.51841977,0.44169862,44.45622371,25.52221735,44.77172319
14-03-2025 02:00,Urban,35.78817522,56.18156867,42.72003117,0.780299648,48.44659102,13.37609809,48.98536926
14-03-2025 03:00,Urban,23.81252152,75.29161246,13.32975614,0.795035089,50.90274471,25.47278099,79.86538767
14-03-2025 04:00,Suburban,32.50220862,69.81544852,23.29614078,0.746829496,30.32125935,24.71277314,34.76854239
14-03-2025 05:00,Rural,52.42605314,67.59990486,31.5949794,0.600040708,38.27007063,15.39556738,71.14339143
14-03-2025 06:00,Suburban,27.43429253,98.26059054,29.95300895,0.994032542,34.73340071,28.0303941,31.29411977
14-03-2025 07:00,Suburban,6.834201859,103.1861128,22.87483986,0.739759488,23.88085625,19.79290526,65.23727475
14-03-2025 08:00,Rural,42.31972573,69.11355347,13.93013063,1.111724047,29.28178265,29.15740574,64.43749495
14-03-2025 09:00,Rural,62.67723767,50.38693522,20.00133343,0.582214319,32.08642194,31.59848163,65.33348069
14-03-2025 10:00,Rural,35.88823837,83.55572209,27.68049263,0.261437995,27.07473685,30.56702611,63.49967203
14-03-2025 11:00,Urban,46.44905448,71.69856357,36.72976739,0.735744212,32.60507559,29.09225078,71.04497032
14-03-2025 12:00,Urban,56.12471127,81.44679718,37.54419833,0.55791338,31.46931556,22.04928996,57.64215943
14-03-2025 13:00,Rural,12.68815755,73.6103807,23.72775647,0.804452011,35.16159398,30.64053815,38.56785856
14-03-2025 14:00,Urban,13.59270751,73.26453861,22.90411638,0.691020217,34.05271426,22.78273073,54.27731342
14-03-2025 15:00,Suburban,11.50420766,100.4418665,16.12676616,0.750439683,35.07219695,27.09625473,42.02314864
14-03-2025 16:00,Urban,52.6964645,52.29161302,18.48531884,1.07375193,43.71679225,19.34662222,56.77429629
14-03-2025 17:00,Urban,37.43251821,61.87459778,37.11250077,0.381995065,19.76844424,26.80156929,40.04561789
14-03-2025 18:00,Rural,66.08237073,95.19433358,38.84415282,1.415806004,27.8785893,16.98410789,37.71602811
14-03-2025 19:00,Rural,38.92521196,90.03424269,17.53591927,0.398586703,20.8208846,30.15887548,70.28458554
14-03-2025 20:00,Urban,24.69690852,78.79816186,17.15668003,0.784328784,45.2529803,30.00034173,64.70369647
14-03-2025 21:00,Suburban,0.089850959,33.72349066,20.15305806,1.124330711,19.81491291,31.77331324,60.39326449
14-03-2025 22:00,Suburban,14.18626651,40.20401027,21.40941983,0.71009784,37.85249304,24.90634736,34.01147387
14-03-2025 23:00,Urban,64.73967533,52.21058311,15.65628821,0.728911141,35.55493374,29.80164187,73.08101076
15-03-2025 00:00,Rural,31.69598236,117.4145894,24.91886336,0.756052897,7.436748646,25.90416455,30.31020134
15-03-2025 01:00,Suburban,12.58227976,59.09907637,14.7846046,0.328711303,54.60053664,27.30998535,63.13794227
15-03-2025 02:00,Urban,58.96786424,62.9870338,23.91908407,1.32891459,9.403322821,31.49258695,66.76764708
15-03-2025 03:00,Suburban,37.69377845,106.5242078,29.43095764,0.42738413,27.52778429,23.67060012,39.77160293
15-03-2025 04:00,Rural,32.17729672,52.92947709,39.38758513,1.017854797,16.72028393,26.28394985,50.81021869
15-03-2025 05:00,Urban,23.49591155,56.45506553,15.92089279,0.58742216,21.40706227,30.93914266,78.93346571
15-03-2025 06:00,Rural,25.35225611,64.3902079,20.56867941,1.085063151,35.13546467,23.41070251,33.77268979
15-03-2025 07:00,Suburban,41.24900649,73.77788271,19.51718541,1.098405717,46.72177347,25.38997397,68.01361186
15-03-2025 08:00,Rural,39.98202515,58.66994565,53.9629723,1.224384419,37.66337986,24.19424709,66.59634728
15-03-2025 09:00,Rural,35.95204794,59.07431885,24.0658269,0.89424766,34.60414364,29.15802282,76.03477042
15-03-2025 10:00,Suburban,46.25609022,65.28940034,19.36331274,1.175302438,43.67604136,17.51531035,72.82074887
15-03-2025 11:00,Suburban,42.12645338,98.56936771,13.1200201,0.385868351,14.40210793,25.1943292,44.69918576
15-03-2025 12:00,Suburban,36.07057485,83.20264032,22.24723243,0.668169078,37.84194337,17.88838476,57.61717335
15-03-2025 13:00,Urban,36.42106788,71.13887209,28.59265456,0.484389561,21.48394241,26.22249865,48.27499099
15-03-2025 14:00,Suburban,18.7505641,70.5751258,24.83617507,1.131427101,33.8786739,14.50460628,70.37719323
15-03-2025 15:00,Rural,36.12676126,87.92895382,25.27214964,0.467423752,14.83957412,32.94428719,65.62384727
15-03-2025 16:00,Urban,26.28294713,50.00311493,36.31447855,0.913227751,31.03859229,20.37578832,49.5879442
15-03-2025 17:00,Urban,40.60100371,41.2948383,24.22575296,0.923784278,50.03581427,20.60082876,75.11513391
15-03-2025 18:00,Suburban,43.31182322,54.90056987,15.79862478,0.492544293,37.1192874,29.77334998,64.98086787
15-03-2025 19:00,Suburban,27.61065768,59.04133579,19.33838143,1.18411918,51.54871953,33.29898526,54.66907292
15-03-2025 20:00,Rural,39.4649996,56.46824416,38.52084223,0.611491569,22.18878144,26.52076836,33.86405574
15-03-2025 21:00,Rural,28.45309922,76.91627744,24.82050907,0.626436512,28.38227869,16.28095828,39.26773435
15-03-2025 22:00,Urban,13.24764729,62.81674673,25.47737767,0.632415552,33.81262726,22.24711743,48.84482807
15-03-2025 23:00,Rural,25.39604535,30.47430005,31.78563286,0.460958283,34.03127334,26.54255251,52.71448543
16-03-2025 00:00,Rural,29.61411864,34.19932918,36.84966067,0.295998955,28.06920572,29.51880887,36.64661422
16-03-2025 01:00,Suburban,43.90955769,26.61461036,15.49703534,0.282609725,25.33614925,29.37322111,33.74910006
16-03-2025 02:00,Suburban,44.21963426,59.95661312,24.46784955,1.032634267,29.53392276,24.98385736,42.48574113
16-03-2025 03:00,Urban,51.63359841,69.8805191,35.43381148,0.712398619,22.84635691,20.93810212,37.72479146
16-03-2025 04:00,Rural,22.30688052,62.57946276,14.24206051,0.597817209,12.5618766,29.24219926,79.42659234
16-03-2025 05:00,Suburban,19.89720173,64.79892482,39.43686233,0.663440447,46.43475982,14.9065658,31.86555225
16-03-2025 06:00,Urban,7.975762737,60.90988703,18.79048961,0.586776062,30.74844398,26.3410262,38.40997436
16-03-2025 07:00,Rural,9.708819685,71.2705562,42.14909457,0.916017339,50.26570111,22.82697407,31.17500908
16-03-2025 08:00,Urban,48.24288447,81.45417418,39.2693376,0.692116336,26.23519226,26.43155364,45.4510438
16-03-2025 09:00,Urban,54.50119532,72.894459,39.59922148,0.637227438,36.01236254,24.76046985,30.07706671
16-03-2025 10:00,Suburban,44.12719756,45.3921553,18.68992297,0.79424307,54.04614478,17.90309349,37.55127692
16-03-2025 11:00,Urban,31.35829563,91.36617484,25.16188277,0.663727091,24.95177834,17.97480804,32.93702945
16-03-2025 12:00,Urban,9.946253357,84.13736668,18.89769768,0.754831366,40.49130609,24.19639852,56.62991957
16-03-2025 13:00,Suburban,60.88310758,69.34514223,27.82994671,0.580773641,28.60904735,25.07434378,52.25654459
16-03-2025 14:00,Suburban,34.93323115,30.46009863,29.06808194,0.778956359,44.87660112,29.15077677,77.99693834
16-03-2025 15:00,Rural,25.35574469,75.25724266,25.457592,1.16953915,37.61507794,25.13856355,54.504909
16-03-2025 16:00,Suburban,36.83295876,53.08638098,28.07865492,0.882889167,39.98680873,22.63522792,64.15784369
16-03-2025 17:00,Urban,24.42217272,65.89507944,35.35611817,0.137768661,43.74581696,26.12098937,30.66013491
16-03-2025 18:00,Suburban,29.25111616,53.62037156,23.92814523,1.239084634,21.25740238,26.51033106,63.96383728
16-03-2025 19:00,Urban,47.54989077,101.0291225,19.79353039,0.650274612,33.18356915,25.93614876,54.28233267
16-03-2025 20:00,Urban,10.74417714,49.67110755,15.01534063,1.186810912,28.21937724,22.58683423,32.54122891
16-03-2025 21:00,Rural,21.99566657,47.9945496,24.48516651,0.18084966,34.8169057,33.22731751,68.92755689
16-03-2025 22:00,Suburban,50.52223606,47.53908127,23.33738361,0.372465963,21.84641327,25.01074262,42.32299447
16-03-2025 23:00,Suburban,38.18536146,69.75327684,19.13237928,0.208710593,33.44973058,29.49088617,67.69164957
17-03-2025 00:00,Suburban,1.910158377,60.68551611,30.34727658,0.928048377,43.76175052,23.92002227,59.97351398
17-03-2025 01:00,Urban,73.99307745,90.13470389,23.0975226,1.059347302,45.25482991,24.85808519,35.75253681
17-03-2025 02:00,Rural,61.43176781,91.7097665,23.80554109,0.77971891,25.36288648,12.63149837,66.2747738
17-03-2025 03:00,Suburban,32.72596381,60.486935,26.03974262,0.649460949,38.57725299,19.74763921,65.66174504
17-03-2025 04:00,Urban,62.1445689,83.0801163,40.99557003,0.831894747,30.77133133,26.53296923,64.70671435
17-03-2025 05:00,Suburban,43.91205328,85.5608151,23.72162402,0.125646595,19.05428899,23.45469538,58.94422314
17-03-2025 06:00,Rural,16.13533461,44.33455799,18.89216157,0.392862052,35.5742976,30.43592991,47.8106142
17-03-2025 07:00,Suburban,35.99965416,77.39704247,49.04765346,0.885765101,41.23012589,33.26128076,51.22502149
17-03-2025 08:00,Urban,23.58560551,63.24670835,18.5444681,0.691877808,33.51413306,24.38798468,62.26164557
17-03-2025 09:00,Rural,19.5544717,74.17926281,44.68792947,0.026021197,21.67298365,21.07409139,75.73997319
17-03-2025 10:00,Urban,45.3578139,58.45021909,34.19030649,0.746829057,42.07510617,25.76062446,52.5802419
17-03-2025 11:00,Suburban,24.42863561,60.17412197,28.36464715,1.073111816,19.6253735,25.57801713,56.89263015
17-03-2025 12:00,Urban,51.08944876,50.2349326,42.44163718,0.639000709,45.21821981,18.86928048,35.63189467
17-03-2025 13:00,Urban,0,85.21615657,27.28923226,0.827583087,26.30996595,25.94919914,57.40003376
17-03-2025 14:00,Urban,54.01446254,43.94005886,12.70349971,0.741099576,37.53469486,34.29444477,36.58615423
17-03-2025 15:00,Rural,30.84244464,39.01099911,42.96937367,0.326029463,14.99309386,22.5692584,79.37698818
17-03-2025 16:00,Suburban,43.58381849,56.09210358,17.67477027,0.151059514,32.87507725,29.78841377,35.61207789
17-03-2025 17:00,Rural,43.13429465,51.73431511,28.24963096,0.934868176,31.70303897,23.27876384,69.13371687
17-03-2025 18:00,Urban,44.97391788,35.66653199,27.77110869,0.543294978,18.55864325,25.1818119,67.62979032
17-03-2025 19:00,Suburban,53.39619273,71.91937156,35.95572856,1.053497481,27.28887308,31.17357373,71.37515794
17-03-2025 20:00,Suburban,33.01611373,79.52387788,25.42321882,0.920436632,22.96119955,36.85685722,35.19358941
17-03-2025 21:00,Suburban,45.57998485,61.82375929,28.98546795,0.508533069,33.39174812,27.24492076,68.29535719
17-03-2025 22:00,Rural,29.12273934,91.39940352,16.63590707,0.561570873,30.21856602,21.6210283,47.5985143
17-03-2025 23:00,Rural,31.79539372,71.91180012,11.31134061,1.163825794,41.82544913,21.55014771,79.19274169
18-03-2025 00:00,Rural,64.20534248,41.16222933,4.736630955,1.286588391,37.01456831,30.75434067,31.73719461
18-03-2025 01:00,Urban,18.92122951,52.12844406,27.59693283,0.696348123,58.52260531,18.36914292,50.97697099
18-03-2025 02:00,Urban,25.20801199,96.00527717,0,0.723915803,45.14824855,23.69051063,37.52735999
18-03-2025 03:00,Rural,56.54524987,57.73829213,29.10061926,0.91575492,37.36924664,22.44115103,35.69996778
18-03-2025 04:00,Rural,30.65552262,104.7673542,24.17906446,0.891563557,29.2081052,22.61411043,53.44283523
18-03-2025 05:00,Rural,29.67584468,48.7006044,13.69238277,0.623692656,20.90590853,30.27812814,54.93324929
18-03-2025 06:00,Rural,32.60693865,43.12936391,16.50251602,0.596906896,44.38354553,14.25150706,66.53360436
18-03-2025 07:00,Rural,57.14412563,59.27406993,31.57706423,0.890815547,31.70127167,29.03748786,42.30918947
18-03-2025 08:00,Rural,28.09865505,65.15961305,17.2861874,1.216992636,16.27222786,24.13332112,51.74624172
18-03-2025 09:00,Rural,37.06972566,66.7618239,29.69730285,0.681741891,27.19366331,18.88506036,31.78110811
18-03-2025 10:00,Rural,17.35012896,62.2704716,19.88440918,0.91613689,40.48309442,29.93346892,31.28243452
18-03-2025 11:00,Rural,12.38976663,62.96783881,25.5880659,1.019647102,58.66718521,26.02954677,59.64423088
18-03-2025 12:00,Rural,18.67519702,38.78340098,19.10720442,0.427166509,0,36.66957384,38.24919808
18-03-2025 13:00,Rural,39.25607141,84.35500226,30.78774063,0.451149984,29.62117591,28.23946639,77.86949516
18-03-2025 14:00,Suburban,15.98707336,99.34329051,10.30045183,0.579425523,19.15055086,16.84592541,49.67230353
18-03-2025 15:00,Urban,49.12260282,54.45657853,33.85247987,0.144785596,39.15875497,29.18724263,44.5736189
18-03-2025 16:00,Suburban,44.77006475,57.30885431,19.89807847,0.732349365,30.87149613,21.12079529,52.07706966
18-03-2025 17:00,Urban,55.03412082,52.41844923,14.11861626,0.745343706,20.71151808,22.71898627,75.74188995
18-03-2025 18:00,Suburban,24.44176051,87.93766288,43.06076503,0.835820221,24.63541489,33.49246747,55.59606425
18-03-2025 19:00,Suburban,26.83025144,106.699954,18.40456204,0.796312504,48.79246565,25.78733457,34.04556934
18-03-2025 20:00,Urban,54.58415124,41.4680459,37.24709365,0.978815704,22.65801595,20.11262082,32.99768563
18-03-2025 21:00,Rural,37.69479427,71.8335637,30.49042626,1.116571644,32.95321489,22.01743427,66.90965669
18-03-2025 22:00,Suburban,63.73686592,104.162699,10.86141355,0.846294337,17.0425959,21.97182885,33.49004771
18-03-2025 23:00,Rural,49.05153986,95.85820781,21.23765769,0.411463676,8.166664303,15.28157566,42.00545635
19-03-2025 00:00,Urban,26.96974071,71.44719565,15.56132743,0.747793639,40.34254813,22.09397055,36.76652489
19-03-2025 01:00,Suburban,4.656198991,59.38534678,0,1.227562558,37.12208846,22.99124141,77.95786896
19-03-2025 02:00,Rural,46.10871322,70.05252877,18.15285316,0.152917356,43.76449911,28.37194322,32.58512716
19-03-2025 03:00,Urban,53.19299824,44.8751993,16.21096533,0.758115612,43.69500613,26.9059909,53.74276503
19-03-2025 04:00,Suburban,34.48578887,63.73474713,27.89973671,0.696849118,20.05701557,23.65471773,54.79003212
19-03-2025 05:00,Rural,50.48252385,79.29153719,32.43675011,0.753445225,29.83705997,33.66048607,31.19178861
19-03-2025 06:00,Rural,45.64161514,54.46769771,25.81767966,0.744238698,30.34538001,22.81657486,60.70295557
19-03-2025 07:00,Suburban,49.04066578,84.78241542,42.70458053,0.434490026,31.77085462,29.1895041,30.27064895
19-03-2025 08:00,Urban,28.88522011,80.38989321,13.13679526,0.472165759,16.23444888,30.32819942,77.00429891
19-03-2025 09:00,Rural,25.9429611,68.06525174,22.67745772,0.505251749,24.7841325,26.89375877,56.9074098
19-03-2025 10:00,Rural,27.39423959,60.21431789,29.34942281,0.681590841,15.7171582,19.57092047,38.84947373
19-03-2025 11:00,Rural,15.67079707,85.65870289,33.25845039,0.728844083,38.28455114,25.90344243,62.46402821
19-03-2025 12:00,Urban,38.75210039,66.20292207,21.23391575,0.544258786,36.36579694,25.39877572,62.9301511
19-03-2025 13:00,Suburban,38.42736473,55.81403359,12.03344404,1.038622175,17.64505316,20.84173979,30.30981809
19-03-2025 14:00,Rural,8.155709748,80.64012706,25.68599887,0.887686998,33.28429563,16.52708723,59.08422642
19-03-2025 15:00,Suburban,40.41969589,53.06217845,45.61709153,0.64464464,39.22327835,24.53106379,42.1886172
19-03-2025 16:00,Suburban,23.31261661,60.30081976,27.67205685,0.26236805,50.87045609,26.34280767,54.84404003
19-03-2025 17:00,Rural,36.79891306,81.92310469,47.50150453,0.516426991,28.88913192,23.17563821,61.29198572
19-03-2025 18:00,Rural,39.56584621,82.74366475,50.47554928,0.673848296,32.39959109,23.13400728,61.16138206
19-03-2025 19:00,Urban,0,82.13852874,16.79629644,0.903862451,22.65023032,27.88374477,51.77162943
19-03-2025 20:00,Rural,53.74089543,61.441991,13.27306558,0.776344113,22.4546204,22.91520512,31.47140351
19-03-2025 21:00,Rural,17.25996917,73.77460591,51.58947194,0.083947632,24.50153778,32.78176251,48.8621459
19-03-2025 22:00,Rural,20.97359176,86.3935246,8.883785082,0.626659815,35.12486554,21.04615221,41.09073732
19-03-2025 23:00,Urban,45.57505084,91.00146449,23.29223262,0.649899738,7.875204196,25.46017036,64.22978054
20-03-2025 00:00,Rural,35.68275446,58.3954156,29.17859221,0.176360577,27.87859887,26.12510155,42.81940557
20-03-2025 01:00,Urban,40.89338101,95.93492328,32.52936046,0.568684304,29.66026199,23.82775471,75.79222898
20-03-2025 02:00,Rural,38.90860879,83.82925005,7.397573832,0.249045485,28.71550459,28.00596753,47.4852268
20-03-2025 03:00,Suburban,22.30970555,73.16704359,32.37374425,0.440727707,30.04360833,27.90290071,30.17887579
20-03-2025 04:00,Rural,47.79713635,98.69581728,20.05212167,0.984464393,43.22346469,17.73744569,53.05875718
20-03-2025 05:00,Urban,45.93520535,51.75323745,17.7386323,0.554432035,39.07031087,24.08471583,50.65609757
20-03-2025 06:00,Rural,36.01583728,57.93469546,30.18604269,1.060129405,13.75074884,30.16390608,78.40166744
20-03-2025 07:00,Suburban,36.98073224,78.6020795,25.17438001,0.474945313,22.90431883,31.22405482,47.4422926
20-03-2025 08:00,Suburban,42.88556635,44.28301403,22.31256091,0.144567267,25.37035973,27.25668343,64.19196027
20-03-2025 09:00,Rural,27.06359336,53.0233806,19.0340772,0.488539038,43.2532501,24.07556348,78.72270355
20-03-2025 10:00,Rural,36.10797923,74.87486172,30.99583722,0.882755169,16.88169392,24.50784062,50.02445829
20-03-2025 11:00,Rural,48.96084618,61.47409116,27.35881655,0.370472553,21.29556252,25.60674973,62.60602974
20-03-2025 12:00,Suburban,26.2707564,54.12236059,8.606109367,0.06125158,15.12451483,28.12982338,42.79110625
20-03-2025 13:00,Rural,39.37083875,103.5528161,5.508937918,0.045800435,39.3671393,23.4946544,39.69416335
20-03-2025 14:00,Suburban,27.68521396,46.20249933,33.25132307,0.154686467,20.6147981,22.94932532,60.38543497
20-03-2025 15:00,Urban,36.32718705,68.34363515,21.4777339,0.644118126,25.08118736,31.7625531,35.16628044
20-03-2025 16:00,Rural,50.89162681,85.85718038,15.18227608,1.096239811,4.356102167,28.07650006,56.75754408
20-03-2025 17:00,Urban,31.34670207,87.45535183,14.96054242,0.89454404,26.07282054,17.78140241,44.29007516
20-03-2025 18:00,Rural,51.78507244,55.16097516,28.97204326,0.960108619,47.02092648,21.22187277,54.90421519
20-03-2025 19:00,Rural,33.56550028,30.71535936,19.317482,0.89310742,17.05313104,21.21033649,44.79582242
20-03-2025 20:00,Urban,62.46317571,37.71552066,30.75944286,0.545968464,1.722175803,27.62545595,38.58363467
20-03-2025 21:00,Urban,49.9028683,66.08088112,31.61348455,0.767871115,15.61105407,24.84402405,79.47326536
20-03-2025 22:00,Urban,17.19798542,63.53172399,14.49634857,0.467908617,47.11746479,22.92744371,46.55751843
20-03-2025 23:00,Urban,42.42736935,70.53669102,26.53266275,0.721355358,25.00868785,21.18404344,54.09060827
21-03-2025 00:00,Suburban,20.43663749,46.49042451,16.44188954,1.119649704,36.08885331,33.25148351,68.87427887
21-03-2025 01:00,Rural,34.35584961,95.71706257,21.61871466,0.641235871,39.52407254,26.86044868,51.07376479
21-03-2025 02:00,Suburban,32.83650488,83.2392924,22.36492458,1.203336502,23.57625289,19.97939944,54.66939067
21-03-2025 03:00,Urban,49.01045325,64.62612723,37.49652678,0.848145475,40.37475385,24.04360441,48.69984473
21-03-2025 04:00,Suburban,42.49517752,72.7591813,24.62724169,0.18504189,30.78553037,20.52208458,37.92927744
21-03-2025 05:00,Suburban,26.09612058,106.0826652,8.420151015,0.996448622,50.75479749,22.93410692,32.03619721
21-03-2025 06:00,Rural,39.69174151,74.97491068,26.55399598,0.820693421,22.9763844,21.88204237,74.98786081
21-03-2025 07:00,Urban,22.62472549,54.76128368,22.29006486,0.646325506,39.60708553,22.5059135,61.11279464
21-03-2025 08:00,Suburban,28.1403067,38.17914129,15.00912648,0.834691857,28.05923937,24.81435517,62.08899422
21-03-2025 09:00,Rural,27.58291829,49.0348253,12.2506586,0.345208253,22.30216478,26.6417332,79.1815345
21-03-2025 10:00,Rural,49.55722677,55.96211683,21.75053333,0.133361557,38.91811846,31.53674367,62.19938445
21-03-2025 11:00,Urban,32.58754858,74.16338212,31.80403011,0.387801752,13.69180834,20.99539917,68.94814965
21-03-2025 12:00,Urban,32.58568486,68.65930846,40.20783063,1.413521017,28.97742514,26.69703577,31.02026542
21-03-2025 13:00,Rural,28.46214073,54.44839538,7.238272887,0.243484792,21.72978327,30.50555611,45.72937497
21-03-2025 14:00,Urban,35.26341577,82.24712453,11.58293212,0.964375558,29.19308028,30.41995943,40.31451715
21-03-2025 15:00,Rural,25.18205249,80.99638618,14.35342806,0.636631378,41.94440655,24.68623736,63.61130075
21-03-2025 16:00,Rural,20.41139183,87.52505079,24.8944463,0.240295635,30.76143675,31.51520586,34.29227028
21-03-2025 17:00,Urban,20.28695964,60.58025172,40.95372815,0.522505851,35.51805784,30.70172,33.77944208
21-03-2025 18:00,Rural,51.93384652,65.31411505,31.58006913,0.679561259,22.91848006,29.79799829,41.63434178
21-03-2025 19:00,Rural,33.500315,125.0460827,20.64985684,0.463132692,28.45170032,35.59109904,76.75763031
21-03-2025 20:00,Rural,49.38904983,85.65637883,9.436444932,0.874128718,49.26514523,22.73199683,56.02874087
21-03-2025 21:00,Suburban,47.30916668,28.18453796,21.96042546,0.554594794,35.6798953,32.79356222,30.66963313
21-03-2025 22:00,Urban,30.19732397,29.45521231,27.36716476,0.639736548,22.27950964,23.88140188,30.31779338
21-03-2025 23:00,Urban,32.52796176,62.43389208,37.01134329,0.628524804,21.46269567,17.18532943,62.27257328
22-03-2025 00:00,Suburban,47.22766194,59.2114988,24.79837185,0.842526923,35.29736683,19.57442047,57.93694248
22-03-2025 01:00,Suburban,26.05737993,97.45524627,13.83557,0.953753778,14.54003183,11.70924434,66.65615218
22-03-2025 02:00,Urban,41.17005131,68.89455538,30.44166687,0.95289816,23.65076964,18.34117009,37.10434433
22-03-2025 03:00,Rural,0,50.93492723,25.79062015,0.706959125,26.44738698,24.44032456,30.90205276
22-03-2025 04:00,Urban,50.96856023,71.64169562,30.4054351,0.776938769,29.41198507,18.3641748,50.31494794
22-03-2025 05:00,Suburban,32.61904227,71.73463248,26.58814153,1.373103996,33.22584018,32.11230013,34.00976888
22-03-2025 06:00,Rural,42.99707007,101.0055475,37.03788383,0.979349092,19.2481397,32.05467931,30.49950452
22-03-2025 07:00,Urban,35.29263062,58.51584429,26.68765282,0.958943326,17.02359062,24.71989597,65.44101326
22-03-2025 08:00,Suburban,8.577071212,79.94146478,23.45253678,0.788851003,47.39054369,27.58870339,60.54775276
22-03-2025 09:00,Rural,22.82181542,62.46402201,21.14223228,0.676192326,19.00235205,23.31857261,56.84447295
22-03-2025 10:00,Urban,38.09970729,35.82840532,8.575931369,0.869974645,15.81987848,27.37785756,53.94993692
22-03-2025 11:00,Urban,44.32638687,67.28476612,16.10083256,0.964524688,36.56313285,19.06326553,60.98389338
22-03-2025 12:00,Suburban,26.75302472,57.38625574,16.24973993,1.047780133,17.73553664,27.2843612,43.29356603
22-03-2025 13:00,Suburban,50.03836709,79.85001054,24.11513769,1.031322336,22.0519907,23.18013671,57.04835516
22-03-2025 14:00,Suburban,41.1405852,44.54616538,34.08679316,0.468805969,30.71059385,32.51705543,50.44746374
22-03-2025 15:00,Rural,4.793738537,77.02172463,13.33764806,0.257185785,26.19611088,14.48076277,38.06760763
22-03-2025 16:00,Suburban,38.85212273,63.59627661,9.34070717,0.472040508,25.93032857,21.61266755,40.91579808
22-03-2025 17:00,Urban,52.98540165,43.71771871,22.63284576,0.571076433,21.54877629,16.43553785,70.17513193
22-03-2025 18:00,Urban,60.50462974,96.99309097,18.90565178,0.446654363,33.45913617,24.08213014,59.1838768
22-03-2025 19:00,Rural,34.52858498,53.54071722,20.95131995,0.806131898,7.825118832,16.70301167,31.34001957
22-03-2025 20:00,Urban,57.11075859,58.69508328,18.2563596,0.737210588,9.716176692,38.56757919,64.75400648
22-03-2025 21:00,Suburban,21.23740803,67.43787156,18.91457397,0.475776536,11.40719373,26.18279251,61.91288305
22-03-2025 22:00,Urban,36.48251635,88.66020479,29.31435381,1.196861273,35.73149604,28.57493524,43.28435271
22-03-2025 23:00,Urban,54.34781686,89.18690972,22.76918654,0.982684143,19.35574335,31.10893707,76.25168696
23-03-2025 00:00,Rural,43.68810265,72.68911586,36.78841874,1.170283416,26.9841304,27.44185695,57.1495756
23-03-2025 01:00,Rural,56.44673285,66.36311884,9.858500282,1.07341913,12.17091348,27.14867753,62.36505948
23-03-2025 02:00,Urban,50.78869142,52.66558789,31.62862569,0.679322913,35.8826284,19.9661898,68.51326942
23-03-2025 03:00,Urban,29.21245909,98.2709959,17.44274434,0.430047784,13.61746794,23.47127369,48.64538011
23-03-2025 04:00,Urban,50.9866365,88.66629491,28.13901361,0.698104899,38.78070798,24.31129055,60.64619046
23-03-2025 05:00,Suburban,40.65133314,83.92383251,38.44574254,1.076049622,24.57701096,22.64617602,30.88538374
23-03-2025 06:00,Rural,23.76207552,71.62770585,17.73449014,0.822602492,42.32837726,31.76698382,42.280384
23-03-2025 07:00,Suburban,64.4205051,59.3285832,21.04942121,0.916305794,20.53223564,13.8057479,60.18447483
23-03-2025 08:00,Suburban,48.14131151,69.17382783,46.99166969,1.220988026,25.38345689,23.79382559,78.95599267
23-03-2025 09:00,Urban,16.46621962,68.51315977,49.20592061,0.535815129,28.00892251,27.49769744,55.675727
23-03-2025 10:00,Urban,31.97410861,82.30624078,20.89384588,0.954521274,34.11617647,31.22687742,43.11870087
23-03-2025 11:00,Urban,32.13974606,52.41363335,21.68718439,0.545194985,12.7016876,29.94179746,40.74666445
23-03-2025 12:00,Suburban,54.71485003,65.05354161,11.59510711,0.861353062,49.6662345,16.70345042,77.50363895
23-03-2025 13:00,Urban,8.575699326,81.04191176,6.837354702,1.073160952,22.06932357,30.52487733,48.85424439
23-03-2025 14:00,Urban,40.76364229,44.5022661,21.5115548,0.436909109,52.06659533,20.48502647,72.61934191
23-03-2025 15:00,Suburban,25.06738919,70.48463066,44.34738439,0.632046114,28.86605005,15.63315541,42.87038472
23-03-2025 16:00,Urban,40.06612228,78.11405619,38.69331732,0.696366582,25.68037799,28.11217817,46.67917088
23-03-2025 17:00,Suburban,15.41392631,73.22758149,43.89792601,0.614903158,10.1235866,26.72488209,59.82215161
23-03-2025 18:00,Urban,40.79956376,88.72495955,20.62925732,0.344165985,51.32329871,19.42989841,45.4798129
23-03-2025 19:00,Suburban,38.47491603,89.05306578,37.69646221,0.560758252,58.2154465,21.37981059,76.00267251
23-03-2025 20:00,Suburban,15.7062029,83.3649793,25.58716078,0.473172861,18.44901817,23.10823521,64.46677739
23-03-2025 21:00,Urban,20.32592824,61.84375707,16.21851273,0.352736553,24.59868441,30.32988809,69.45261745
23-03-2025 22:00,Rural,27.52790379,59.38447815,16.265615,0.59390959,30.89365598,24.25735605,50.60593175
23-03-2025 23:00,Suburban,47.8638021,81.54754913,19.96686403,0.959696072,22.62677759,22.32882742,69.71503267
24-03-2025 00:00,Urban,12.78473966,28.45114967,5.066525155,0.868485304,15.69648436,27.87801436,38.58811342
24-03-2025 01:00,Urban,54.9141979,75.19378566,32.73953923,0.771942593,50.16484724,21.83762672,71.31111036
24-03-2025 02:00,Urban,42.29453522,76.05633596,32.70720318,0.859869333,32.26064845,30.21564144,55.52817722
24-03-2025 03:00,Urban,6.216330974,87.64211205,38.81151175,0.980213226,34.30923465,28.1656534,73.07376092
24-03-2025 04:00,Rural,34.59367113,57.6205111,45.15392502,0.34322479,21.78932165,32.76451245,38.2151416
24-03-2025 05:00,Urban,23.19334218,62.73576614,19.35450895,0.162088899,30.54678105,36.6003997,62.2652106
24-03-2025 06:00,Suburban,34.16601745,60.7832754,31.62511795,0.700457238,20.96128899,26.15726213,48.90038441
24-03-2025 07:00,Suburban,48.85664894,52.08187607,13.8570225,0.958353873,35.80276552,28.35546146,51.18428834
24-03-2025 08:00,Suburban,61.82554571,77.22416875,19.64594245,0.277202154,27.63376285,27.38552725,62.52370863
24-03-2025 09:00,Suburban,40.83149656,65.88549388,22.73266471,0.944916665,22.36473036,23.03902821,33.67536722
24-03-2025 10:00,Rural,24.66951569,37.73783209,13.98961878,1.209444986,27.17077196,26.44870851,57.32809461
24-03-2025 11:00,Urban,53.57283637,81.2542262,7.762843424,1.058384987,35.97324546,22.38458268,55.39053436
24-03-2025 12:00,Rural,47.76812513,60.86740001,12.33457202,0.45171731,19.82423316,11.08091348,66.04412183
24-03-2025 13:00,Suburban,23.63440284,92.29485796,31.03655868,0.354609683,12.04517467,27.16698894,59.17943229
24-03-2025 14:00,Suburban,27.43132149,87.38170341,29.29628393,1.167872334,0.97710722,28.12135828,51.05690034
24-03-2025 15:00,Urban,48.53211863,45.70035284,23.14359454,0.661056671,3.858126394,22.55307658,72.83159379
24-03-2025 16:00,Rural,31.92854598,72.9576273,28.67532064,0.584708102,45.0739175,30.50446608,71.06775349
24-03-2025 17:00,Suburban,48.86418418,41.96226783,34.33351787,0.504933457,30.57676797,33.93689756,44.11790805
24-03-2025 18:00,Suburban,52.25302333,63.52810437,35.89358913,0.689987156,33.00382928,24.31959369,54.9447998
24-03-2025 19:00,Rural,52.96873261,31.84636816,35.5128844,0.807025779,36.54126057,25.43210454,55.78476876
24-03-2025 20:00,Suburban,36.96796829,31.7762249,15.84564022,1.299949017,11.71799099,28.59341932,77.05162347
24-03-2025 21:00,Suburban,14.82957275,57.6298082,29.1151295,0.162053357,8.401528853,26.14450168,73.3487001
24-03-2025 22:00,Suburban,45.5175015,70.69036838,22.78876159,0.647368269,24.12778228,25.63182051,73.01206536
24-03-2025 23:00,Suburban,2.41591684,64.32022158,27.4189012,0.884991585,44.01857542,20.50037901,30.88681324
25-03-2025 00:00,Urban,36.68226451,45.9925869,3.906357655,0.700285517,28.51137571,23.42699603,59.81552013
25-03-2025 01:00,Suburban,48.72981239,103.5908179,34.66127653,1.125863549,25.58346513,23.95040762,68.42217187
25-03-2025 02:00,Urban,25.04661527,113.748294,18.26848683,0.751449529,11.98326092,19.05093308,41.56517388
25-03-2025 03:00,Rural,41.92501167,57.84173997,18.97434488,0.68700946,35.67378313,21.22555841,33.92473194
25-03-2025 04:00,Urban,33.49517307,91.57454494,30.76310176,0.728568882,27.25396323,23.341427,62.39864501
25-03-2025 05:00,Suburban,42.37530202,91.12090224,14.37646383,0.746739536,26.2577293,31.41082955,64.78396258
25-03-2025 06:00,Rural,52.27459409,66.30549993,27.35948527,1.059280466,21.2469275,24.60274013,36.85189101
25-03-2025 07:00,Suburban,35.84709008,73.87239447,33.00092316,0.477259414,26.2023347,25.97547204,67.05976086
25-03-2025 08:00,Rural,31.48817382,78.94635163,29.69123694,0.631776847,32.32943371,16.12805343,61.76104038
25-03-2025 09:00,Suburban,4.40395277,57.25602962,42.68439253,0.365318043,56.13193171,26.25176129,51.04726145
25-03-2025 10:00,Rural,43.10672936,53.65759491,38.17312167,0.561155495,37.56642079,23.92798217,78.18475633
25-03-2025 11:00,Rural,29.33046734,48.0040289,32.37723461,0.510420101,22.31385318,19.23499703,57.26691415
25-03-2025 12:00,Suburban,57.98541146,54.44796258,31.24415252,0.683830018,44.14109641,21.31076813,51.59906518
25-03-2025 13:00,Urban,52.55874872,49.66480644,28.7010935,0.914118293,18.25988765,21.8532415,31.37491531
25-03-2025 14:00,Suburban,30.35129502,20.04135884,31.25969964,0.925084055,38.75042346,26.11101002,48.43678752
25-03-2025 15:00,Rural,30.29950016,51.50045951,30.90269803,0.061666371,23.09113418,29.16068428,37.79560623
25-03-2025 16:00,Suburban,53.73742428,61.83683927,34.31056043,0.871710523,27.26407802,23.03022169,56.57468464
25-03-2025 17:00,Suburban,35.27868837,29.89123574,36.71466411,0.355469016,16.0106029,19.85632484,73.87130912
25-03-2025 18:00,Rural,1.848227147,51.9039731,26.71082979,0.962726117,35.19746071,32.03633924,49.06667877
25-03-2025 19:00,Urban,33.45055768,61.45977822,32.75551382,0.5535268,30.78794855,26.40080024,72.82284503
25-03-2025 20:00,Urban,58.5708557,62.26213697,22.39610635,0.670563841,44.02897038,22.64049768,53.7601658
25-03-2025 21:00,Rural,36.94242251,48.39768094,32.33330502,0.842840829,30.79227231,30.71757352,37.34790676
25-03-2025 22:00,Rural,34.49946287,90.27489534,23.71460786,0.667736314,31.00897188,22.94114646,58.9498185
25-03-2025 23:00,Suburban,52.68577525,57.05561477,0,0.88591337,18.4871739,29.01602069,79.24158444
26-03-2025 00:00,Urban,25.47015904,64.92151828,25.38047299,0.486956096,31.56354942,26.1309199,39.83560957
26-03-2025 01:00,Rural,61.05467991,64.95611169,27.38489647,0.611498738,23.8905958,20.52637362,38.72793954
26-03-2025 02:00,Urban,30.39365521,75.84645941,25.66399472,0.69025324,44.50347257,26.14708359,68.49499599
26-03-2025 03:00,Rural,42.24258239,48.59483221,5.536378508,0.874717882,23.45284492,39.7902354,44.43124677
26-03-2025 04:00,Urban,29.82545601,70.78292839,19.71219227,0.558417832,0,22.14022528,52.18415485
26-03-2025 05:00,Urban,33.52400186,128.1017182,14.70827312,0.558500656,26.48317635,23.9256412,56.69256618
26-03-2025 06:00,Suburban,37.43925043,87.06943047,33.2910942,0.644421476,14.76655597,22.86424705,44.20921258
26-03-2025 07:00,Rural,33.97806345,31.65950692,23.47747773,0.787002417,38.04212112,14.39501729,38.70721587
26-03-2025 08:00,Suburban,5.813259258,70.75819705,0.376954556,0.998561351,18.18042468,20.3843274,53.10260206
26-03-2025 09:00,Suburban,42.29537479,48.10095695,37.82715941,0.49925176,36.99549054,20.58101398,33.17531166
26-03-2025 10:00,Rural,43.12019602,39.03681662,22.64471144,0.863547358,27.49026542,19.66391705,73.26868529
26-03-2025 11:00,Urban,59.28205768,72.18628831,29.90684041,0.795786699,31.63921467,26.36650269,63.32570568
26-03-2025 12:00,Urban,51.46752728,40.18639152,23.85889987,0.798765913,33.31538084,23.39348562,75.2465724
26-03-2025 13:00,Rural,23.17280185,65.62966291,13.08615398,0.654738609,36.59422354,29.16940563,45.33646648
26-03-2025 14:00,Urban,47.23548379,94.78622371,32.52833017,1.093800139,59.46982321,24.6723411,78.74968335
26-03-2025 15:00,Suburban,62.40336548,100.9192142,34.00445886,0.820681782,30.0987781,24.94300921,56.18394886
26-03-2025 16:00,Urban,48.47116696,77.943683,30.44958861,0.593275451,37.05298231,20.88206533,69.96738501
26-03-2025 17:00,Urban,19.80455483,73.69953263,29.42656975,0.943382102,26.52905279,25.64647589,65.14201659
26-03-2025 18:00,Rural,45.92602349,78.34555821,28.14932396,0.743140508,34.05596598,26.00011249,58.13782215
26-03-2025 19:00,Rural,52.7018471,78.23736497,28.16456515,0.571919851,32.74304912,32.85304108,37.08605407
26-03-2025 20:00,Urban,34.48555996,82.20845948,15.31381919,0.979484267,37.98593725,20.21476994,46.73790142
26-03-2025 21:00,Urban,26.17648913,114.2013885,39.55011182,0.417411712,16.68671498,30.92034944,57.38145565
26-03-2025 22:00,Suburban,51.68971125,61.5310402,33.98809964,0.845263308,15.28183571,28.56778195,47.97837158
26-03-2025 23:00,Urban,63.17549573,73.69206104,35.35888886,0.547440809,30.21970784,21.17121545,45.42886282
27-03-2025 00:00,Suburban,23.36987437,56.52532096,17.28955267,0.429069698,31.51600199,23.77271839,60.50876969
27-03-2025 01:00,Rural,47.35689856,61.75653589,17.00694709,0.675744745,20.29997701,24.51491509,77.17210084
27-03-2025 02:00,Rural,49.62172037,64.39161976,23.75220195,0.683278603,24.99890398,20.33247297,65.05465514
27-03-2025 03:00,Rural,32.18737178,100.8259304,24.80350713,0,22.69167506,25.6386018,67.96448298
27-03-2025 04:00,Suburban,33.56447186,77.00664467,14.253162,0.950657185,12.58820199,24.48700722,46.03765213
27-03-2025 05:00,Suburban,58.08963681,77.12287676,10.63763423,0.987820724,39.06843166,25.95917024,67.28778145
27-03-2025 06:00,Rural,38.70353118,52.79708882,20.01576378,0.381643774,38.98477233,22.0989765,71.52559062
27-03-2025 07:00,Rural,39.25883062,38.32946497,26.32995805,0.636763456,39.20313246,21.64702192,32.07041103
27-03-2025 08:00,Rural,43.21903854,48.26331878,18.84097325,0.717002637,49.27499324,23.86162291,33.63962091
27-03-2025 09:00,Urban,54.93647441,60.25220803,7.276015277,0.75509803,32.67724107,28.62051102,48.70608877
27-03-2025 10:00,Rural,61.02715552,71.99617513,0.254977159,0.949145778,35.56190492,24.54529288,34.54317482
27-03-2025 11:00,Rural,15.57462777,102.096447,43.40043486,0.754457344,39.02885584,29.72729797,55.41260814
27-03-2025 12:00,Rural,47.07503274,68.48585639,33.3233347,0.592400621,37.64883904,20.0061986,39.27552075
27-03-2025 13:00,Urban,51.92895227,78.36588225,26.12812755,0.890998667,40.89520995,30.45235688,79.49703124
27-03-2025 14:00,Suburban,35.66459421,88.30546135,16.11064132,0.893329224,29.2918059,21.95547218,38.64411003
27-03-2025 15:00,Urban,41.10548774,35.29464881,32.73390955,0.25091221,22.69957767,24.42323054,61.33761616
27-03-2025 16:00,Rural,29.24134436,59.28652676,41.63622726,1.053191288,18.05965084,20.27505958,74.59674437
27-03-2025 17:00,Urban,15.69610734,79.67178357,22.8240665,0,21.36670794,23.10538089,70.3943998
27-03-2025 18:00,Urban,16.53601125,73.37474661,28.25278471,0.881834472,53.68190218,28.21639018,65.68967087
27-03-2025 19:00,Suburban,10.06499603,84.88339585,24.91100238,0.509524265,44.39787666,22.14133561,45.55436252
27-03-2025 20:00,Urban,44.06134248,79.05081679,29.23900989,0.362298897,51.32724097,22.42476804,65.3976398
27-03-2025 21:00,Rural,26.82872174,57.3059251,24.41351826,0.354111439,36.45252326,29.5310002,67.52101735
27-03-2025 22:00,Urban,49.69206588,56.1457819,29.2562474,0.528062957,27.38808309,25.92605988,52.24111324
27-03-2025 23:00,Urban,10.50945929,58.08718181,39.23588285,0.719084618,22.52856198,20.91697744,44.55713118
28-03-2025 00:00,Urban,5.693606481,107.0670904,26.6348101,0,4.985969216,34.54552437,72.52704894
28-03-2025 01:00,Urban,21.42300089,74.58234774,0,0.221627481,49.8059162,22.43647437,34.80562736
28-03-2025 02:00,Urban,41.3103074,82.62272496,23.14213945,1.082439903,17.83495263,28.49037836,41.01758243
28-03-2025 03:00,Rural,24.59162099,55.52259038,20.07258124,0.869069628,39.55381696,20.96190537,51.43817353
28-03-2025 04:00,Rural,31.37160297,85.59042852,37.15262423,0.923820698,57.67598464,25.8024908,70.96810748
28-03-2025 05:00,Suburban,27.98023564,102.4686223,7.498939034,0.666858868,20.22767434,20.42895132,57.63081249
28-03-2025 06:00,Rural,25.84511511,73.29497574,2.683703544,0.669379002,30.70292566,25.46555598,66.50262285
28-03-2025 07:00,Rural,24.3567753,67.25103878,9.757070317,0.876553063,46.04022079,28.05000433,55.94563624
28-03-2025 08:00,Urban,17.53407974,75.98786605,34.78520572,0.674874437,47.7681567,27.01311567,68.19640124
28-03-2025 09:00,Suburban,40.17376097,82.24618567,21.68183419,0.829291572,42.2478252,32.89721149,71.591534
28-03-2025 10:00,Suburban,14.28948969,98.6606032,25.59016068,0.615334436,33.84956364,24.94772828,65.03054548
28-03-2025 11:00,Suburban,13.93838809,74.65286944,29.03622026,1.098239194,28.82833863,23.74278435,32.73294033
28-03-2025 12:00,Rural,49.16637683,100.7165741,33.84092417,0.573073835,33.32637267,21.77064,41.26821203
28-03-2025 13:00,Urban,16.79603313,58.77288908,24.68911046,0.793537048,39.81142774,31.06574687,53.28924867
28-03-2025 14:00,Suburban,53.18323413,66.4284062,45.22875831,0.263991911,0.390314335,31.23476979,46.06201038
28-03-2025 15:00,Suburban,44.46703698,65.74211713,17.48661963,0.810437508,28.86741462,25.69438793,66.02495662
28-03-2025 16:00,Urban,59.05708517,68.67613668,17.27279375,0.634505202,32.929847,23.4164882,65.88920837
28-03-2025 17:00,Suburban,3.085976625,62.80174838,18.89598162,0.784609617,35.41746573,27.35463754,67.86504411
28-03-2025 18:00,Rural,24.48686732,72.0411027,31.34808511,0.779088928,32.49180882,21.69474431,66.15818269
28-03-2025 19:00,Urban,41.90112947,63.40519466,20.99717285,0.509601701,23.49112002,28.61723104,63.94452266
28-03-2025 20:00,Urban,37.20416255,68.77718304,24.98061126,0.719989677,36.10239003,34.93086144,40.58524249
28-03-2025 21:00,Rural,23.86719331,77.07425141,15.64460951,0.293675397,34.25305797,13.19936147,70.16360902
28-03-2025 22:00,Urban,8.846988914,70.86046071,25.54752467,0.278697308,36.54875501,23.53285892,73.16959141
28-03-2025 23:00,Suburban,32.51538834,85.62682167,39.46209664,0.269974497,40.48731497,23.72811542,63.75686165
29-03-2025 00:00,Suburban,12.58316082,101.2302796,34.77006972,0.722729555,5.651944689,21.58819947,66.50972968
29-03-2025 01:00,Urban,50.04113222,41.0782847,23.76845259,1.148945608,36.82851475,23.68592696,51.30511355
29-03-2025 02:00,Urban,37.51371908,60.86771022,32.26290944,0.834934697,30.39911335,26.3997888,72.17463573
29-03-2025 03:00,Suburban,41.43138451,79.94744632,35.81583164,0.796811568,58.18979856,23.92834141,54.39666148
29-03-2025 04:00,Suburban,31.14222846,64.36824351,55.90899349,0.224909441,31.32436043,26.09982033,44.966273
29-03-2025 05:00,Rural,34.7546203,98.0845134,18.0387485,0.669892797,21.82716911,20.59812847,36.5342773
29-03-2025 06:00,Rural,42.19034238,88.32452482,22.14683232,0.38436109,10.05777872,18.76505242,70.94202712
29-03-2025 07:00,Urban,17.09864323,22.75365904,27.73919769,0.716235495,44.93927103,13.53187025,78.56107164
29-03-2025 08:00,Rural,65.57448852,10.72596915,31.52015923,0.974887834,48.29755612,30.14134545,76.75710746
29-03-2025 09:00,Suburban,41.92976765,107.4456604,27.07839116,1.085947573,34.0474173,19.65358567,37.22677659
29-03-2025 10:00,Rural,31.03736659,92.73639805,33.58048435,0.756693973,49.25435144,16.75187669,77.17749319
29-03-2025 11:00,Urban,24.47906311,82.37411988,20.46990836,0.461592687,16.23563892,31.1525916,69.87703566
29-03-2025 12:00,Suburban,57.12746651,60.51308705,33.28872536,0.680270718,50.5550417,22.65847158,43.50827768
29-03-2025 13:00,Rural,41.67790866,62.3580813,19.87879505,0.210320152,34.9932577,29.20659374,30.62300719
29-03-2025 14:00,Rural,37.0997726,99.31814345,25.07623815,0.607080962,53.20084036,15.45256228,49.5681706
29-03-2025 15:00,Suburban,1.68542771,48.50491791,32.78980756,1.065471674,11.9190224,32.95266429,58.63701302
29-03-2025 16:00,Suburban,14.33205983,68.82889785,20.64056714,0.138529684,47.36949803,19.26141896,78.81235872
29-03-2025 17:00,Rural,31.15244153,36.77851669,30.92248939,0.449577756,45.5782631,24.71764659,46.2536848
29-03-2025 18:00,Urban,15.12810701,61.93413227,24.0453746,0.426613543,40.19117781,28.31083709,66.08849208
29-03-2025 19:00,Suburban,33.27376748,92.26418928,6.112333898,0.445652216,28.19651071,34.61919536,49.52241737
29-03-2025 20:00,Urban,17.35207786,66.8911688,21.5499061,0.645192701,32.35773137,22.66008054,72.99304096
29-03-2025 21:00,Suburban,43.76256642,56.40975041,25.27700872,0.94343261,33.09408326,33.23073408,36.82838578
29-03-2025 22:00,Rural,45.47802181,85.11997786,35.47454724,0.809631887,46.54531803,21.1431589,72.27278088
29-03-2025 23:00,Urban,27.93659888,35.2467043,32.10194169,1.158739409,24.88593869,22.51553827,71.17792335
30-03-2025 00:00,Suburban,46.28388894,93.06756714,28.87558338,0.31178953,30.74734915,26.50445386,60.05492446
30-03-2025 01:00,Suburban,29.53171969,75.44113282,49.9803463,0.730681947,58.1696632,21.62083659,72.49325219
30-03-2025 02:00,Suburban,44.98271347,78.1891277,36.74676316,0.628661646,51.49317249,27.91502614,70.01194828
30-03-2025 03:00,Rural,34.22371951,100.8494934,24.43573421,0.891766973,14.09198367,28.50608311,37.55811469
30-03-2025 04:00,Rural,19.35254631,45.74948217,15.155842,0.928126702,14.63355281,28.94517415,37.29423744
30-03-2025 05:00,Rural,17.96716578,65.78714772,19.90182242,0.189862531,20.23104125,25.22493364,65.97640735
30-03-2025 06:00,Urban,40.71788983,35.9020251,26.97957439,0.510060558,8.361279469,27.7543119,45.55616696
30-03-2025 07:00,Rural,18.14649436,91.70224414,21.42918423,0.341887382,33.73936308,31.36641901,34.12907639
30-03-2025 08:00,Urban,48.09633442,51.72731154,27.37517459,0.531242206,28.07498525,23.4511178,32.47831973
30-03-2025 09:00,Suburban,56.7439556,52.88124482,34.90426699,0.771396907,15.77115391,23.94832579,65.27516723
30-03-2025 10:00,Suburban,49.10845208,90.46025616,29.5789932,0.550280936,26.52832415,27.52231779,72.83865644
30-03-2025 11:00,Suburban,58.88641443,74.56124249,20.3355248,1.076643389,27.77684894,26.99577467,61.20624292
30-03-2025 12:00,Urban,17.1065535,77.6655415,2.689646376,0.815355638,6.985060693,27.77858343,41.99475657
30-03-2025 13:00,Rural,32.82792209,60.86764444,18.47325332,0.609292066,38.22480687,12.49032322,73.68554924
30-03-2025 14:00,Urban,56.21413575,62.42496535,30.48374459,0.591351233,6.415581563,26.13038609,61.34534536
30-03-2025 15:00,Urban,49.97336293,47.14750573,22.66561587,0.964771922,26.89334258,27.39598516,67.58174304
30-03-2025 16:00,Suburban,38.67954178,71.43349244,29.63597322,1.190423947,56.28747113,28.37740999,66.96084204
30-03-2025 17:00,Suburban,57.79982937,65.12971261,34.20950455,0.736406934,18.64108336,35.08846929,72.15036652
30-03-2025 18:00,Urban,62.46178605,50.14508504,32.90079299,1.384428635,34.87931936,27.01461412,61.95635093
30-03-2025 19:00,Urban,25.55328863,67.08029934,36.46956404,0.708117035,25.04889557,31.22451927,30.56837048
30-03-2025 20:00,Rural,36.05825601,70.74970242,21.59685197,0.355698051,13.71072221,22.32616822,55.51930345
30-03-2025 21:00,Suburban,23.52604139,59.80445181,11.67286282,0.710286334,38.2271072,15.73846752,36.04190893
30-03-2025 22:00,Rural,48.4715623,74.36931084,35.34259383,0.718498842,32.77815643,24.57905071,58.58687697
30-03-2025 23:00,Urban,41.49438655,54.25713672,19.5827801,0.912491074,35.00354209,25.56449356,48.56257459
